Sentiment,id,Date,Query,User,Tweet,,,,,,,,
4,2014351367,Wed Jun 03 01:14:33 PDT 2009,NO_QUERY,cathyleehart,@just_tam21 hahah its kind of the same as adelaides except a bit bigger ,,,,,,,,
4,1984531826,Sun May 31 15:17:28 PDT 2009,NO_QUERY,carlawaslike,@Austinjamest sweeeet can't wait to go there with you guys when i get back! ,,,,,,,,
4,2185079853,Mon Jun 15 16:51:18 PDT 2009,NO_QUERY,Rommellll,You said you changed how wrong i proved you  now whos on the other side.,,,,,,,,
4,1998128979,Mon Jun 01 18:02:23 PDT 2009,NO_QUERY,pauljopling,I can't wait for New Moon after seeing the trailer ,,,,,,,,
4,2182994010,Mon Jun 15 13:54:26 PDT 2009,NO_QUERY,thisgoodlife,@nicolassa new drum carder? SWEET! ,,,,,,,,
4,2064557508,Sun Jun 07 06:35:30 PDT 2009,NO_QUERY,xCitylights,i have mastered the pirouette. i feel happy  now to master those damn glissades...,,,,,,,,
0,2265877228,Sun Jun 21 07:29:05 PDT 2009,NO_QUERY,isdead,I'm planning to buy a Dell Mini9 on next payday for the iPhone application development... poor me ,,,,,,,,
0,1986787989,Sun May 31 19:19:14 PDT 2009,NO_QUERY,ohdearr,kristin stewertvis awwwwwkward. and  OMG NEW MOON LOOKS AMAZINGGGG taylor launtner omgggg do me. too many tweets sorry ,,,,,,,,
4,2061589602,Sat Jun 06 21:11:09 PDT 2009,NO_QUERY,mirandamartinez,"@shannonweiley hi Shannon! Movies are unrelated to raw, actually.  please go to http://www.barufilms.com for more info about my films.",,,,,,,,
4,1573026905,Mon Apr 20 23:26:03 PDT 2009,NO_QUERY,Sleeperkid,"@MalloyMartini You can reach me at sleeperkid@sleeperkidsworld.com.  And while I love female dogs, I'd rather have pretty ladies over ",,,,,,,,
0,2209918195,Wed Jun 17 10:57:17 PDT 2009,NO_QUERY,psychohuman,damn !!! os 3 is out! but im in class without wifi  have to wait til 5...,,,,,,,,
4,2047580326,Fri Jun 05 13:51:56 PDT 2009,NO_QUERY,jamesheart24,"@Andy_kaxmic hi  i'm fine thanks, and you?",,,,,,,,
0,1833903026,Mon May 18 00:52:44 PDT 2009,NO_QUERY,t1nk3rb3l1,good morn u guys...not so good for me ,,,,,,,,
0,2196643514,Tue Jun 16 12:44:38 PDT 2009,NO_QUERY,LexieJonas,ughhhh nothing on tv ready to get out of this house ,,,,,,,,
4,1981673584,Sun May 31 09:39:14 PDT 2009,NO_QUERY,alwaysblessed,"jason, your clothes are dry. get them out of my way! ",,,,,,,,
0,1979404177,Sun May 31 02:54:10 PDT 2009,NO_QUERY,xmellyssax,@snufsnuf @WoNoJo everybody pn bnci buat itu.huhu i'm hving this damn headache ,,,,,,,,
0,2193111750,Tue Jun 16 08:00:47 PDT 2009,NO_QUERY,HLouiseB,Have a very sore cheek from getting smacked in the face by the ball in rounders ,,,,,,,,
4,1932927821,Tue May 26 22:33:21 PDT 2009,NO_QUERY,TessaLopez,befunky.com awesome ,,,,,,,,
4,2048536532,Fri Jun 05 15:21:38 PDT 2009,NO_QUERY,WAHMoms,WAHM TIP:Kids napping? Maybe you should too ,,,,,,,,
0,2174804075,Sun Jun 14 23:21:15 PDT 2009,NO_QUERY,ifuller1,@UrsulaJefferson yeah - not good for FBI - hope they can keep going ,,,,,,,,
0,1882466409,Fri May 22 06:55:31 PDT 2009,NO_QUERY,saxbabe,Argh! I'm peeling  All that applying cream was for nothing.  The only plus is that it will reduce the horrible tans lines I got.,,,,,,,,
0,2259724297,Sat Jun 20 18:03:30 PDT 2009,NO_QUERY,BigBreadCed,@prettiwhitt where are you ,,,,,,,,
4,2056534645,Sat Jun 06 11:19:19 PDT 2009,NO_QUERY,taisoliveira,@tommcfly i think will be great! ,,,,,,,,
4,2015504023,Wed Jun 03 04:50:19 PDT 2009,NO_QUERY,robin_parker,@I_am_Heather Tickets are on sale on Friday for their Autumn tour - got to get me some of that ,,,,,,,,
0,2282653333,Mon Jun 22 11:38:24 PDT 2009,NO_QUERY,SasMelody,"Just watched Saw 2 with Teddy, ewww.. horrible ",,,,,,,,
4,2001733533,Tue Jun 02 01:53:16 PDT 2009,NO_QUERY,RadiantMarie,I'm OBSESSED with Anthony Bourdain: No Reservations. ,,,,,,,,
0,1548743556,Fri Apr 17 21:50:26 PDT 2009,NO_QUERY,notsriy,Just had half of my medical tests done today for going to China. . ... Not a fun experience. ,,,,,,,,
4,1822866207,Sat May 16 20:34:11 PDT 2009,NO_QUERY,MissKitty1923,@jsmithready I certainly miss my kitty's when I am away. Have a good night. ,,,,,,,,
4,1968000024,Fri May 29 20:35:04 PDT 2009,NO_QUERY,walker_hagius,@Dave_MB Lucky! I want to go to Buddy's.  I want crazy garlicky salad in a wooden mesh bowl while sitting at an off level table.  ,,,,,,,,
4,1836313176,Mon May 18 07:46:23 PDT 2009,NO_QUERY,teriann95,"@jordanknight Hey Jordan, I'm ready!! I am so there, i can't wait!! ",,,,,,,,
4,2052292514,Sat Jun 06 00:14:53 PDT 2009,NO_QUERY,sakbaboy,hey tweeeps how r y'all ? ,,,,,,,,
0,2194351771,Tue Jun 16 09:40:46 PDT 2009,NO_QUERY,chrissi1979,bbbbbboooored today. Have come to the awful conclusion that I have no proper friends. ,,,,,,,,
0,2229368276,Thu Jun 18 15:38:10 PDT 2009,NO_QUERY,Prettybaby891,"Wondering if im PMSing because when i saw that i started to tear up  poor guy, i feel so guilty now.",,,,,,,,
0,2191435534,Tue Jun 16 05:16:12 PDT 2009,NO_QUERY,MelFrame,Girl set to become Mum at 12... I couldn't even keep my silkworms alive when I was 12. I remember once I accidentally killed 8 in one go ,,,,,,,,
4,2189660809,Tue Jun 16 00:34:42 PDT 2009,NO_QUERY,esty,@lukewallace that is one awesome find... f@#ken awesome ,,,,,,,,
4,1969984782,Sat May 30 01:59:31 PDT 2009,NO_QUERY,demiworld,I have to go! bbye everyone! Let's talk later  thanks for those who followed me today! love you all!,,,,,,,,
4,2045031272,Fri Jun 05 10:08:17 PDT 2009,NO_QUERY,JessWilbur,@lancearmstrong He is so precious! And already tweeting? You must be so proud!  congrats!,,,,,,,,
0,2214264530,Wed Jun 17 16:29:54 PDT 2009,NO_QUERY,kikukaling,can't believe how expensive groceries are nowadays. what the haay ,,,,,,,,
4,2189775465,Tue Jun 16 00:52:40 PDT 2009,NO_QUERY,sivan_yaish,@MissRasmus good morning ,,,,,,,,
4,1754351566,Sun May 10 05:58:09 PDT 2009,NO_QUERY,JaninaBiina,@HaleyBangs haha ohh yeahh the ass one is the best i got'em all in svz- take a look!!!  &lt,3,,,,,,,
4,1573947747,Tue Apr 21 03:36:12 PDT 2009,NO_QUERY,Get1more,"I feel like a right tourist snapping away, here's towerbridge!!!  http://twitpic.com/3phfa",,,,,,,,
4,1468787821,Tue Apr 07 03:44:15 PDT 2009,NO_QUERY,anm102,Its a great day for a sox game ,,,,,,,,
4,2015752564,Wed Jun 03 05:26:16 PDT 2009,NO_QUERY,zuppalizzle,ohh he's a pommy? ,,,,,,,,
0,1975630668,Sat May 30 15:33:58 PDT 2009,NO_QUERY,djgrahamy,@DavidArchie there's no hope for me ,,,,,,,,
4,1997581616,Mon Jun 01 17:05:58 PDT 2009,NO_QUERY,nicole_smithh,@David_Henrie call selena! ,,,,,,,,
0,2031240391,Thu Jun 04 09:32:06 PDT 2009,NO_QUERY,jpierce0913,@RetroRewind very sorry to hear that ,,,,,,,,
0,2301934352,Tue Jun 23 16:06:36 PDT 2009,NO_QUERY,hibelu,"@moltenpanther No, don't do that. ",,,,,,,,
4,1822539675,Sat May 16 19:48:42 PDT 2009,NO_QUERY,PetPrincessTpa,My pups are really hyper tonight.... Watching them run around the sofa and kitchen table... lol...sooo cute.. ,,,,,,,,
0,2060247191,Sat Jun 06 18:32:36 PDT 2009,NO_QUERY,LovinJK4ever,@Jessicaca damn no way I can swing that. ,,,,,,,,
0,1574024733,Tue Apr 21 03:56:28 PDT 2009,NO_QUERY,Random_Friend,anyone have a job they want to give me....? ,,,,,,,,
4,2176686226,Mon Jun 15 04:30:36 PDT 2009,NO_QUERY,eliierobidoux,happy sonny dayy ,,,,,,,,
4,1693536569,Sun May 03 22:52:32 PDT 2009,NO_QUERY,ay52,@emizell did you just watch the trailer?? the whole thing is on YT...you should check it out sometime!! ,,,,,,,,
0,2015250161,Wed Jun 03 04:08:29 PDT 2009,NO_QUERY,bobui,"odd, that an acquitance is finally saying 'i do' and i suddenly feel so incomplete... alone even ",,,,,,,,
0,2302681343,Tue Jun 23 17:08:51 PDT 2009,NO_QUERY,jazzmentynes,@theweddingdiva I'm waaaaay up. I didn't buy my tix until last Friday  318,,,,,,,,
0,1981479570,Sun May 31 09:14:23 PDT 2009,NO_QUERY,ay_camille,Just woke up...what to do?what to do?...oh yea  gotta go to work!!!!eh...,,,,,,,,
4,2188009990,Mon Jun 15 21:09:14 PDT 2009,NO_QUERY,Stace222,"guess im off to bed, listing to &quot;kings of leon&quot; just one more time. work in the am ",,,,,,,,
4,2049519984,Fri Jun 05 17:01:27 PDT 2009,NO_QUERY,coletteamber,I am excited about my free @daytonalagoon water park tickets! locals - follow them ,,,,,,,,
4,1979758142,Sun May 31 04:23:08 PDT 2009,NO_QUERY,pinkwands,@Wossy oh fantastic!! thanks for the heads up!!  My hubby has been wanting to watch your show since your part in Extras hehe,,,,,,,,
4,2054231871,Sat Jun 06 06:53:09 PDT 2009,NO_QUERY,billkaulitzlove,Yay!!! i just got my tokio hotel H+M t-shirt yesterday it it so awesome!!!! ,,,,,,,,
4,2002422065,Tue Jun 02 04:10:01 PDT 2009,NO_QUERY,nandafreire27,@mileycyrus http://twitpic.com/6fwg3 - its so amaaaaaaaaazing! You're very pretty diva ,,,,,,,,
0,2065740628,Sun Jun 07 09:11:53 PDT 2009,NO_QUERY,JaggedEdges,Nap  before bringing Jess to the airport. ,,,,,,,,
4,1694204570,Mon May 04 01:33:11 PDT 2009,NO_QUERY,AxSylum,"@UncleCreepy You can get into Canada, but I can't?  WTF!!!   (Seriously, I'm not allowed to cross the border!)",,,,,,,,
4,2174394945,Sun Jun 14 22:27:50 PDT 2009,NO_QUERY,nicoleisthecool,...cow pasture. It was a good day. ,,,,,,,,
4,2060750506,Sat Jun 06 19:30:25 PDT 2009,NO_QUERY,glennchance,@ChasityRomero then go! Haha ,,,,,,,,
4,2044429992,Fri Jun 05 09:20:48 PDT 2009,NO_QUERY,lemongeneration,@Ilkee oh alright! hopefully i get to catch it. it past midnight here and i might be going to bed soon  ill try my best to catch it ,,,,,,,,
0,2328497502,Thu Jun 25 09:39:09 PDT 2009,NO_QUERY,DashDano,@Wizpig - social network ,,,,,,,,
4,1960695240,Fri May 29 08:21:55 PDT 2009,NO_QUERY,kerryisonfire,Studying out in the sun ,,,,,,,,
0,2261603291,Sat Jun 20 21:02:57 PDT 2009,NO_QUERY,talk2brielle63,#BTS is not a trending topic anymore ,,,,,,,,
4,1751784597,Sat May 09 20:16:06 PDT 2009,NO_QUERY,madisonlynch,to atl in the morning then back to Clemson ,,,,,,,,
0,1898405077,Sat May 23 18:06:08 PDT 2009,NO_QUERY,Marcy_M,@TeslaGirl360 This could have been us.    http://bit.ly/oWZzF,,,,,,,,
0,1823046236,Sat May 16 20:59:25 PDT 2009,NO_QUERY,Jackie_JEEPster,Watching True Life and updating stuffs...Hope I can sleep tonight  I can't sleep anymore. It's like i'm broken...,,,,,,,,
0,1982942584,Sun May 31 12:12:04 PDT 2009,NO_QUERY,gnylund,The time stamps on the tweets I'm following are all three hours late.  ,,,,,,,,
0,1970266258,Sat May 30 03:08:37 PDT 2009,NO_QUERY,Rinasphere,@tommcfly The UK has missed you terribly  xxx,,,,,,,,
0,2253878614,Sat Jun 20 08:53:07 PDT 2009,NO_QUERY,Trickamo,Rip &quot,Bennie k Powell&quot, i will miss ya dearly!!! ,,,,,,
4,2177005356,Mon Jun 15 05:14:46 PDT 2009,NO_QUERY,happyhny,finally taking a nap   ,,,,,,,,
4,2066678104,Sun Jun 07 10:58:21 PDT 2009,NO_QUERY,Xonessa18,Going outside ,,,,,,,,
0,2193769924,Tue Jun 16 08:54:23 PDT 2009,NO_QUERY,RachelKessler,Yay the sun is back today! Dinner with Kate tonight! Yay someone I know! Butt bad news... I just left by hotel without my room key...ugh! ,,,,,,,,
0,2006456654,Tue Jun 02 11:11:42 PDT 2009,NO_QUERY,AStansberry,@angiespahr Tabby is napping ,,,,,,,,
0,1964625066,Fri May 29 14:32:13 PDT 2009,NO_QUERY,mhictire,@a_simple_girl @BuzzEdition I have to miss the festivities this evening.  Heading up the hill and won't have internet and no BB service.,,,,,,,,
0,1932326741,Tue May 26 21:14:56 PDT 2009,NO_QUERY,thechristinedom,@LadyLunadai Our neighbors are wonderful. I'll miss them next year. ,,,,,,,,
0,2325974997,Thu Jun 25 06:21:44 PDT 2009,NO_QUERY,peapoles,"Sigh, need to study later.  But i'm going to sleep first and wake up at 11pm!",,,,,,,,
0,2242816284,Fri Jun 19 12:40:04 PDT 2009,NO_QUERY,ERiCAo_oRYNE,im goin to Witchita for the weekend then leaving Cambria in Oklahoma with Daniels mom for the week! im gunna be lost without her  ily CLW!,,,,,,,,
0,1982715358,Sun May 31 11:45:34 PDT 2009,NO_QUERY,debramichelle,"stuck at work, wishing I was enjoying the day ",,,,,,,,
4,2186694518,Mon Jun 15 19:12:11 PDT 2009,NO_QUERY,yvettexas007,Who wants to go swimming??? ,,,,,,,,
4,2063438220,Sun Jun 07 02:39:36 PDT 2009,NO_QUERY,yinmao,hmm cookies ,,,,,,,,
4,1989239938,Mon Jun 01 00:50:01 PDT 2009,NO_QUERY,GallifreyReject,"ok im gonna try to go to bed! night twitterverse..and remember..be YOURSELF! no matter how goofy, weird or mentally special u are  PEACE!",,,,,,,,
0,2061746147,Sat Jun 06 21:31:24 PDT 2009,NO_QUERY,tyson_ray,@ecool i'm studying (taking 2 summer classes) and tonight's my only night to do it cuz i'm super busy tomorrow ,,,,,,,,
0,1834371341,Mon May 18 02:40:46 PDT 2009,NO_QUERY,melissa_batty,Stuck in college  @Chipmunkartist, What exam you doin? Hope it goes well x,,,,,,,
4,2061618472,Sat Jun 06 21:14:52 PDT 2009,NO_QUERY,BostAngeles,@_JOLIE_FILLE_ Nice review. Your turning into a pretty good movie critic. ,,,,,,,,
4,1753989484,Sun May 10 04:28:06 PDT 2009,NO_QUERY,SweetieAngel,Happy mother's day to your mothers ,,,,,,,,
0,1970639327,Sat May 30 04:40:03 PDT 2009,NO_QUERY,hannahlouu,"Not looking forward to the rest of the weekend, first shut down on my own tonight ",,,,,,,,
4,2175119247,Mon Jun 15 00:08:02 PDT 2009,NO_QUERY,kailamac,@InKatlinsPahnts hahah yeah ,,,,,,,,
0,2228773848,Thu Jun 18 14:52:07 PDT 2009,NO_QUERY,defiantprincess,i smell rain !!! it rains in the night only ,,,,,,,,
0,1881220522,Fri May 22 04:00:04 PDT 2009,NO_QUERY,mattmaloney,still no sign of @xthemusic  there must be  a way of hacking Twitter to find his number through hiz txt updates :?,,,,,,,,
4,1975815338,Sat May 30 15:57:49 PDT 2009,NO_QUERY,TastyKeish,@Jinesis i would love to hear them  DM me links,,,,,,,,
0,2262066442,Sat Jun 20 21:49:43 PDT 2009,NO_QUERY,melaniecenicola,my phone is brokennn  i hate being dependent on things.,,,,,,,,
4,1991624266,Mon Jun 01 07:22:31 PDT 2009,NO_QUERY,curecameron,http://FeltCHicks.etsy.com via @addthis Last WeeK of FREE shipping ! Come take a peek at these really cute items at Low Prices ,,,,,,,,
4,2060529370,Sat Jun 06 19:04:35 PDT 2009,NO_QUERY,rickosborne,@SalioElSol08 &quot,Hi&quot, Problem solved. ,,,,,,
4,2177067628,Mon Jun 15 05:22:49 PDT 2009,NO_QUERY,colelove,"@Soapbox89 i like that YOU have a twitter  oh saslemonster, we must catchup soon.",,,,,,,,
0,2045151267,Fri Jun 05 10:18:39 PDT 2009,NO_QUERY,dengelina,@TriGirlJ did you accept?  That's kinda creepy. ,,,,,,,,
0,1834097368,Mon May 18 01:37:03 PDT 2009,NO_QUERY,jmreijnen,"Wanted to get new album Miss Montreal on cd, all sold out, at fame, frs, etc.  now i'll have to download it..mmm",,,,,,,,
4,1985471612,Sun May 31 17:10:05 PDT 2009,NO_QUERY,Lyssa_Marie,Oh boy food is amazing... Feeling better already ,,,,,,,,
0,2221700017,Thu Jun 18 05:51:27 PDT 2009,NO_QUERY,woahsara,@inzamamc ROFLMAOOOOOOOOO. its ok. nm you? god twitter confuses me ,,,,,,,,
4,1754219397,Sun May 10 05:27:54 PDT 2009,NO_QUERY,JCastroPhoto,Happy Mothers day to all the mommys out there... and most especially to my hot wifey!   Love you babe!,,,,,,,,
4,1988968095,Sun May 31 23:55:35 PDT 2009,NO_QUERY,DreaPLBFT,till new moon but on a brighter note only 23 till transformers 2 with shia.megan &amp, duhamel! ,,,,,,,
0,1468750810,Tue Apr 07 03:32:03 PDT 2009,NO_QUERY,addiiee,@margoble I MISS YOU! ,,,,,,,,
4,2186649588,Mon Jun 15 19:08:18 PDT 2009,NO_QUERY,RainbowAshlyn,Dear lag time on work's CATI server: please die in a fire. Or would you prefer to be murdered in the face with a bear? ,,,,,,,,
0,2188814030,Mon Jun 15 22:37:05 PDT 2009,NO_QUERY,ImanAziz,I'm going to bed now. My puppy won't sleep though!! Ahhhhhhh ,,,,,,,,
4,2067334137,Sun Jun 07 12:09:45 PDT 2009,NO_QUERY,chiniehdiaz,@tricia_ZLNet We'll teach you! ,,,,,,,,
4,1979343865,Sun May 31 02:38:28 PDT 2009,NO_QUERY,Derizann,Going to empty another box......don't know where I'll put the stuff but I'll find a spot ,,,,,,,,
0,1834683325,Mon May 18 03:51:05 PDT 2009,NO_QUERY,h1brd,@irisatalay oh...so thats why I didnt get an answer ,,,,,,,,
4,1961151648,Fri May 29 09:03:49 PDT 2009,NO_QUERY,brittanykay1,heading to the beach ,,,,,,,,
4,1998412170,Mon Jun 01 18:30:20 PDT 2009,NO_QUERY,pato_30stm,@fallenfrommars there are CQC on diff place in the world! it's a great show ,,,,,,,,
4,1827929423,Sun May 17 11:44:25 PDT 2009,NO_QUERY,itsKelsO,shes party all nighter from south carolinaaaa  back at the beach,,,,,,,,
4,1836456791,Mon May 18 08:01:54 PDT 2009,NO_QUERY,jnozzi,"@drewmccormack If you'd like to discuss in more detail than 140-character bursts, e-mail me at joshua@nozzi.name ... ",,,,,,,,
4,1770837122,Mon May 11 22:23:16 PDT 2009,NO_QUERY,alilovesya,Whoo  just did my first depotting attempt FTW ,,,,,,,,
4,2187369583,Mon Jun 15 20:10:53 PDT 2009,NO_QUERY,simsgalore,@BroadwayBeckons 792? LOL more like 822 ,,,,,,,,
0,2258392139,Sat Jun 20 15:51:08 PDT 2009,NO_QUERY,LukaPetrovic,this day was the worst day on holidays...it was raining and my connection to internet has been broken ,,,,,,,,
0,1980634964,Sun May 31 07:16:37 PDT 2009,NO_QUERY,Miniaturejohna,just checked the weather forecast and i was right...raining by wednesday...just as well my ball got cancelled then... ,,,,,,,,
4,2050996522,Fri Jun 05 19:40:22 PDT 2009,NO_QUERY,CoffeebreakDMV,@ezstreet ah...lol....she will! ,,,,,,,,
0,2069040926,Sun Jun 07 15:09:19 PDT 2009,NO_QUERY,trinalynn13901,*sigh* still trying to fix my ipod... ,,,,,,,,
4,2051881909,Fri Jun 05 23:02:56 PDT 2009,NO_QUERY,MCRmuffin,I'd be willing to wait forever. ,,,,,,,,
0,1964865114,Fri May 29 14:56:11 PDT 2009,NO_QUERY,timlopez,Sacramento does not have nice weather. Sacramento has dry and hot weather. I hear it's raining in LA. ,,,,,,,,
4,1753711113,Sun May 10 03:02:10 PDT 2009,NO_QUERY,nik_kee_dee,Morning all.... Sorry for missing tweets yesterday @damohopo @Boddingtons How are you today? ,,,,,,,,
0,2054560257,Sat Jun 06 07:36:59 PDT 2009,NO_QUERY,xSpotlighted,"i wanna go visit my family in montreal, canada. haven't been in like 7 years. ",,,,,,,,
0,2236782591,Fri Jun 19 04:31:29 PDT 2009,NO_QUERY,kv3x,Looks like we are in for some weather... ,,,,,,,,
4,1984188726,Sun May 31 14:36:51 PDT 2009,NO_QUERY,jessicafancy,"In any case, I'm awesome. ",,,,,,,,
4,1827365568,Sun May 17 10:33:28 PDT 2009,NO_QUERY,Brandon_Buck,Just got back from church and eating breakfast with my aunt. Delicious ,,,,,,,,
4,1692959419,Sun May 03 21:12:03 PDT 2009,NO_QUERY,sheryonstone,lol @by_starla with regards to the furballs.  Mine usually like to get really rowdy at 2am.  this must be rbd... ? http://blip.fm/~5j1t9,,,,,,,,
4,2063243286,Sun Jun 07 01:53:48 PDT 2009,NO_QUERY,samelf,@Stipling Great quote - very true - thanks for sharing ,,,,,,,,
4,2048242770,Fri Jun 05 14:53:21 PDT 2009,NO_QUERY,MusicADdicts,@Tasleema I'm about 2 do some radio right now til' 8pm..but what u gettin into? ,,,,,,,,
4,1980342899,Sun May 31 06:27:48 PDT 2009,NO_QUERY,SunshineBoat,@Revvell I will.  He's on a huge &quot,I love Revvell&quot, kick right now.  It's adorable the way he talks about you! ,,,,,,
4,1694035407,Mon May 04 00:47:44 PDT 2009,NO_QUERY,ChineseLearn,@lightgood Hi I have uploaded 5 completely new Chinese Lessons on www.youtube.com/ChineseLearn Please feel free to watch and enjoy ,,,,,,,,
0,2065791216,Sun Jun 07 09:17:49 PDT 2009,NO_QUERY,girlingrey,"@beckie0 teacher at school, so i watched the crappy version  i would have rather saw it in the cinema",,,,,,,,
0,1986661222,Sun May 31 19:08:52 PDT 2009,NO_QUERY,AmberStrocel,"@OrganicSister @CrunchyGoddess Pill bugs can eat very small &amp; tender shoots &amp; seedlings, and they've devoured my baby lettuces. ",,,,,,,,
0,2256779486,Sat Jun 20 13:17:30 PDT 2009,NO_QUERY,DomC234,"@Castle03 Nah, is not you, says @fromblueskies and @jemmahatty are online but they are not  Get home Pav, I r lonely!",,,,,,,,
0,1694928812,Mon May 04 04:38:12 PDT 2009,NO_QUERY,tinaakande,is getting no sympathy for a sore throat ,,,,,,,,
4,1795362745,Thu May 14 07:38:23 PDT 2009,NO_QUERY,helena445,@lenabaer i hav only 50 euros. 90 if u give me back my money ,,,,,,,,
0,2245792336,Fri Jun 19 16:38:46 PDT 2009,NO_QUERY,Tisoy1969,Setanta has lost the rights to broadcast Premier League matches.  Fox Soccer is as good.  What am I going to do now?  ,,,,,,,,
4,1967191876,Fri May 29 19:08:11 PDT 2009,NO_QUERY,ZTZCheese,"@Ailurophyle ah, I thought pretty much everyone who followed me followed @wilw  We're all geeks like that!",,,,,,,,
0,2253190533,Sat Jun 20 07:44:45 PDT 2009,NO_QUERY,Plunga86,"Gonna have a little nap, exhausted from partying after show last night. Looking forward to tonight tho, just sad it is closing night ",,,,,,,,
0,1966619779,Fri May 29 18:05:47 PDT 2009,NO_QUERY,emmabits22,@synadrin I do! But am too far away ,,,,,,,,
4,1551086089,Sat Apr 18 08:06:36 PDT 2009,NO_QUERY,Tigger761,"@abcdude I just went on Wikipedia to learn more about Jake Tapper, then looked up you. Nothing! What gives?! ",,,,,,,,
0,2284037683,Mon Jun 22 13:23:01 PDT 2009,NO_QUERY,cayetanasmith,@yomichael the link for Khloe and Kourtney's new show doesn't work ,,,,,,,,
0,2192445274,Tue Jun 16 07:02:56 PDT 2009,NO_QUERY,CHROMES_AWESOME,@TITA_7 = THERE'S NOTHING TO RE THINKKK ,,,,,,,,
4,2190795751,Tue Jun 16 03:45:02 PDT 2009,NO_QUERY,gogoyoko,@ApprenticeKid Please DM us your info and we'll send you some stickers ,,,,,,,,
4,1696085853,Mon May 04 07:34:51 PDT 2009,NO_QUERY,ravegabe,"@ravegabe If you do, I'm sure you'll enjoy ",,,,,,,,
4,1932873929,Tue May 26 22:25:28 PDT 2009,NO_QUERY,aselina,"morning, morning.. catch up on all work &amp; reading, since i am not online all the time &amp; #multitask is my new #feature ",,,,,,,,
0,2177403036,Mon Jun 15 06:02:40 PDT 2009,NO_QUERY,vocd,oh no here comes the grey skys ,,,,,,,,
0,2250745070,Sat Jun 20 01:21:49 PDT 2009,NO_QUERY,RemiG14,My night turned into a big womp womp  I hope all y'all had fun..,,,,,,,,
0,2233844015,Thu Jun 18 21:59:45 PDT 2009,NO_QUERY,jaaaninejorge,going to the haunted mill with the boys  oh no....,,,,,,,,
4,1753218951,Sun May 10 00:37:17 PDT 2009,NO_QUERY,2ndclasscitizen,@nak1a &quot,If there's a camel up a hill&quot, and &quot,I'll give you plankton&quot, ....HILARIOUS!! ,,,,
0,1687093419,Sun May 03 07:44:46 PDT 2009,NO_QUERY,devinmurphy,@rocksmyworld that tweet was before you got downstairs. my bad ,,,,,,,,
0,1932996714,Tue May 26 22:43:44 PDT 2009,NO_QUERY,jesse_la,@twilove66 nothing  i cant decide if i want to listen to music or boringly drift off to sleep. you?,,,,,,,,
4,2072280513,Sun Jun 07 20:43:36 PDT 2009,NO_QUERY,brightlightbulb,@maureenjohnson Don't you really want to see this movie??? http://bit.ly/2mlYYB  ,,,,,,,,
4,1824544492,Sun May 17 01:50:49 PDT 2009,NO_QUERY,JMNix,"@insomaniac WELL DONE like a crispy cheeseburger, sir. I saw the rough cut of that so long ago, I'm glad you guys got the cred where due. ",,,,,,,,
4,1964588721,Fri May 29 14:28:42 PDT 2009,NO_QUERY,suzanne_young,@compelledtoread ,,,,,,,,
0,2218230138,Wed Jun 17 22:06:38 PDT 2009,NO_QUERY,katiedunn88,"Glad to have the night off work.... reading has been my only solice today, helping me escape the continuous chaos in my head.  ",,,,,,,,
0,2215960036,Wed Jun 17 18:51:07 PDT 2009,NO_QUERY,xjamie,It's hot and I have a headache ,,,,,,,,
4,1553113161,Sat Apr 18 13:24:28 PDT 2009,NO_QUERY,AmyGrindhouse,@Popsquire I wish I could be in LA sometimes! I'd so meet up with you guys. It'd be fabulous ,,,,,,,,
4,2052062774,Fri Jun 05 23:33:05 PDT 2009,NO_QUERY,htarresnom,@backstreetboys thanx guys now i'm watcing the &quot,week 3&quot, ,,,,,,
4,1771109619,Mon May 11 23:13:33 PDT 2009,NO_QUERY,Crimminskfc,@luckymama10  that's right I am to busy playing video games and watching tv. ,,,,,,,,
0,2059149631,Sat Jun 06 16:20:48 PDT 2009,NO_QUERY,typezero3,"@champuru washer still broken, tonight I'm mr. mom till the 15th ",,,,,,,,
0,1973134167,Sat May 30 10:33:10 PDT 2009,NO_QUERY,digitalglitter,I think when you should be asleep is a fine time to tweet! Only I have nothing fun to say. Bit of a downside actually ,,,,,,,,
0,2002372952,Tue Jun 02 04:01:17 PDT 2009,NO_QUERY,Danielephant,I highly dislike my dreams ,,,,,,,,
0,1824732377,Sun May 17 02:41:04 PDT 2009,NO_QUERY,CaroTheNyx,"@Ms_Thumper Uhm I don't do that shit, that's kd! But fine, I don't want your number...    *cries to my corner*",,,,,,,,
4,1966960870,Fri May 29 18:43:02 PDT 2009,NO_QUERY,mommy41402,@qfromctu to be there from the beginning to now ..i cant wait to see what else this year is going to bring to you and the site ,,,,,,,,
4,2054641077,Sat Jun 06 07:47:21 PDT 2009,NO_QUERY,SWenclawskiDSA,Just saw some Southern Right Whales off the coast! ,,,,,,,,
0,2327244796,Thu Jun 25 08:06:07 PDT 2009,NO_QUERY,NiamhSkinner,Skank train. No mirror = no make up ,,,,,,,,
4,2180046274,Mon Jun 15 09:56:20 PDT 2009,NO_QUERY,lisardggY,"@jonobarel I know Ruby even less than I do PHP.  Won't Rails be overkill? It's not as if it needs any more logic than it has now, just CSS",,,,,,,,
4,1992011705,Mon Jun 01 08:02:58 PDT 2009,NO_QUERY,xcornejo,Follow @PrincessSuperC all my @xcornejo followers better press that follow button...all 72 of ya'll!!!! ,,,,,,,,
0,2254375496,Sat Jun 20 09:39:09 PDT 2009,NO_QUERY,trnz_22,hope he'll have even a simple reply..  but anyway..who am i..? im just a....,,,,,,,,
4,1960351935,Fri May 29 07:49:41 PDT 2009,NO_QUERY,marleematlin,BTW my #book I'll Scream Later.is @ #Amazon or B&amp,N or Borders. The pic is right here as b.g. on my home page!  Be back later,,,,,,,
4,1880185070,Fri May 22 00:22:27 PDT 2009,NO_QUERY,tomstraining,"Less than 24 hours to go, gorgeous morning here in Famara. We're just off for a little pre brekkie jog to the beach and back ",,,,,,,,
4,2012996849,Tue Jun 02 21:42:11 PDT 2009,NO_QUERY,KayJayBeautiful,is taking it down for the night. T.O. made my day..night..week...lol you get it. ,,,,,,,,
0,2265413986,Sun Jun 21 06:31:44 PDT 2009,NO_QUERY,kjbrown13,Bummer. My fave hooded sweatshirt made its way to the dryer and shrank. Sleeves are 3&quot, too short. ,,,,,,,
4,1882695849,Fri May 22 07:19:41 PDT 2009,NO_QUERY,gaylieo,@foodiemcbody Not only are there too many but reading them is somewhat addictive in itself   Looking for the &quot,answer&quot, I suppose.,,,,,,
4,2175851612,Mon Jun 15 02:10:56 PDT 2009,NO_QUERY,Stinesabean,Getting sleepy.. So that means its almost my bed time! Hahahaha ,,,,,,,,
4,1983675590,Sun May 31 13:36:53 PDT 2009,NO_QUERY,scarlettlillian,Just saw my answers to your questions was posted on the @mcpactions blog! Go read and enjoy! Hope it benefits you.  Http://mcpactions.com,,,,,,,,
4,2000053100,Mon Jun 01 21:19:04 PDT 2009,NO_QUERY,kprincess,@liljin yeah I love that song... the beat go hard ,,,,,,,,
0,1971745517,Sat May 30 07:48:19 PDT 2009,NO_QUERY,djlindsey,Listening to this while I pack for the airport  http://bit.ly/EiYDB,,,,,,,,
0,2056895381,Sat Jun 06 11:59:51 PDT 2009,NO_QUERY,bloody_nitemare,"Long day, friend got in a car crash... ",,,,,,,,
0,2244164147,Fri Jun 19 14:23:11 PDT 2009,NO_QUERY,Voyagercrazed87,"@IAmBecomeSpanky whoa, I can't believe she would do something like that, I don't know what else to say except that I'm sorry ",,,,,,,,
4,1969594780,Sat May 30 00:33:07 PDT 2009,NO_QUERY,michaeledge,"For all the agency Tweeps, ever experienced this?  http://bit.ly/afdfb",,,,,,,,
0,2192195682,Tue Jun 16 06:39:52 PDT 2009,NO_QUERY,ahaynes89,class is about to start and theres a quiz ,,,,,,,,
0,2262350442,Sat Jun 20 22:20:38 PDT 2009,NO_QUERY,danest,wow i didn't know Ritchie Valens was only 17 when he died thats so sad ,,,,,,,,
4,2059447358,Sat Jun 06 16:57:19 PDT 2009,NO_QUERY,Technophobia,@dizzyshai Yay!  Have fun!  &lt,3  Excited to see the after. ,,,,,,,
4,1833568318,Sun May 17 23:42:38 PDT 2009,NO_QUERY,Fly2ersk1,h?c h�nh ch?m ch?  c�n 2 ng�y n?a th�i ,,,,,,,,
0,1692094907,Sun May 03 19:15:56 PDT 2009,NO_QUERY,Katie335,"went shopping today at pac sun! got 2 shirts and at nordstoms I got a hoodie, and a shirt :]    but I still need shoes ",,,,,,,,
4,2011520977,Tue Jun 02 19:09:00 PDT 2009,NO_QUERY,pixie_love,@magicconch im trying to learn how to speak in those accents ,,,,,,,,
0,1835762372,Mon May 18 06:41:55 PDT 2009,NO_QUERY,TommyFilan,Easier than I expected...Phew &gt,&lt, Almost die of scaring ,,,,,,
4,1971858979,Sat May 30 08:03:09 PDT 2009,NO_QUERY,vacant_heart,T20 world cup in a few days!  at last some slam dunk cricket on hands! ,,,,,,,,
0,2014445747,Wed Jun 03 01:33:21 PDT 2009,NO_QUERY,zedee,back and stomach are killing me from hpe! LOL sore muscles ,,,,,,,,
0,2208825615,Wed Jun 17 09:40:35 PDT 2009,NO_QUERY,jessicajaynex,@nickjonas i so wish i could watch american tv..  i love you guys.. can't wait till manchester 22nd nov  gonna be amazing. loveyounickxx,,,,,,,,
4,2177148294,Mon Jun 15 05:32:56 PDT 2009,NO_QUERY,majesttic,@bezgraniczna 100000% Wednesday  Today I go buy a second car  ,,,,,,,,
4,1957003172,Thu May 28 23:15:03 PDT 2009,NO_QUERY,nealbarenblat,p00p - silly me lolzfactor  ,,,,,,,,
0,1687899846,Sun May 03 09:51:56 PDT 2009,NO_QUERY,maytagmah,I miss cuddling with my babe ,,,,,,,,
4,1822358768,Sat May 16 19:23:38 PDT 2009,NO_QUERY,crazycool2009,@cameronhellmuth hey cutie follow me ,,,,,,,,
4,1687309077,Sun May 03 08:20:54 PDT 2009,NO_QUERY,ineedanap,"OH: Aah, goy my nap, soo nice!  Now time for some homework again. But first I'll need to find a good movie .. http://tinyurl.com/dfsq5w",,,,,,,,
4,2190199977,Tue Jun 16 02:03:05 PDT 2009,NO_QUERY,katiferrr,my hair is sooo soft ,,,,,,,,
0,2231402361,Thu Jun 18 18:29:52 PDT 2009,NO_QUERY,DanJz,"is pissed that I drove all the way to my Mom's to get my clothes and shoes for tomorrow, and forgot the shoes ",,,,,,,,
0,2179652540,Mon Jun 15 09:23:55 PDT 2009,NO_QUERY,raptorkraine,"Just fell asleep, silly me ",,,,,,,,
4,1686509133,Sun May 03 05:43:52 PDT 2009,NO_QUERY,Toukochan,"@Yuricon Yeah, but I love 'look at me I'm so clever' things.  ",,,,,,,,
4,1980169939,Sun May 31 05:55:34 PDT 2009,NO_QUERY,RickeyJACKets,@UrbanInformer what up man . how u livin ? ,,,,,,,,
0,2322656387,Wed Jun 24 23:00:59 PDT 2009,NO_QUERY,TheGucciman,Trying to follow LC and it wont let me ,,,,,,,,
4,2065180532,Sun Jun 07 08:04:00 PDT 2009,NO_QUERY,SnarkyWench,@LisaMantchev I might not say anything because that's quite possibly the saddest thing I've heard today ,,,,,,,,
0,1693811161,Sun May 03 23:52:27 PDT 2009,NO_QUERY,jessanomic,afternoon of figures  #underbelly finale tonight. can't wait for dinner.,,,,,,,,
0,1999658515,Mon Jun 01 20:35:56 PDT 2009,NO_QUERY,rachauncey,@prettylady81 lOl i can type with the other fingers ! it feels broken  well it did. i popped it and it feels better,,,,,,,,
0,2252237640,Sat Jun 20 05:48:21 PDT 2009,NO_QUERY,ohanablue,... I'm sick n I hate it! ,,,,,,,,
0,2006145418,Tue Jun 02 10:43:34 PDT 2009,NO_QUERY,stina6001,living a little early and going to the foot doctor... hope they let me keep it ,,,,,,,,
0,2050193073,Fri Jun 05 18:14:01 PDT 2009,NO_QUERY,georgie_carroll,I wish I lived in America ,,,,,,,,
4,2051354752,Fri Jun 05 21:46:21 PDT 2009,NO_QUERY,ElementalBliss,Rawr. Stayin' up tonight.  #fb,,,,,,,,
0,2282654986,Mon Jun 22 11:38:32 PDT 2009,NO_QUERY,ashvenom,nose is still clogged  mannnnn!! I can't tell if it's asthma or if I'm still sick.,,,,,,,,
0,1997000918,Mon Jun 01 16:04:30 PDT 2009,NO_QUERY,luvfitall,miss my mommy  ,,,,,,,,
4,2057836186,Sat Jun 06 13:45:15 PDT 2009,NO_QUERY,MississDJ,getting ready to go to the movies with stephen ,,,,,,,,
0,1693984164,Mon May 04 00:34:11 PDT 2009,NO_QUERY,monica_mills,"@Dave_Forrest tear, it's gone ",,,,,,,,
4,1997252596,Mon Jun 01 16:31:20 PDT 2009,NO_QUERY,dirticow,@MissJenwa Hot! The haircut aint bad either  Good job!,,,,,,,,
0,2242808309,Fri Jun 19 12:39:26 PDT 2009,NO_QUERY,pcarter,"Dang, I think my mouse is dying. I really liked this one ",,,,,,,,
0,2189347610,Mon Jun 15 23:49:38 PDT 2009,NO_QUERY,uhlowl22,my head hurts ,,,,,,,,
0,2226261812,Thu Jun 18 11:44:03 PDT 2009,NO_QUERY,Konflickted,T-minus 18 hours until graduation... T-minus 24 days until Alex leaves for SK for a year (without us)... *sigh*  I need to be packing. ,,,,,,,,
4,1989972913,Mon Jun 01 03:27:17 PDT 2009,NO_QUERY,xeydna,@shaunmichaelb Goodnight ,,,,,,,,
4,2044406450,Fri Jun 05 09:18:44 PDT 2009,NO_QUERY,kaiserlino,@skateonrails @cleomorgause prob resolvido ,,,,,,,,
4,2188720026,Mon Jun 15 22:25:42 PDT 2009,NO_QUERY,simons635,@KrisWilliams81  Can you google the hotel and see what it was before it was a hotel. We are all curious now....out here in Twitter-verse! ,,,,,,,,
0,2180387700,Mon Jun 15 10:24:08 PDT 2009,NO_QUERY,rebecca_day,"my cocksix aches, my hair is gross, i miss what my friends were and i haven't seen the guy of my dreams in aaaaaaages ",,,,,,,,
4,1827667655,Sun May 17 11:11:40 PDT 2009,NO_QUERY,fridatorres,"Maths are not that difficult, they're actually kinda cool  I'm getting ready for my Math final ",,,,,,,,
4,2068296164,Sun Jun 07 13:50:25 PDT 2009,NO_QUERY,wowitsmeagan,http://twitpic.com/6uu2b - Katelyn's Birthday with Bailey ,,,,,,,,
0,2201007240,Tue Jun 16 19:40:35 PDT 2009,NO_QUERY,Felixius,"Starting a new diet. Need to reduce my heart risk by reducing my big belly. Although when I laugh, it won't be like a bowl full of jelly. ",,,,,,,,
0,1470178005,Tue Apr 07 08:34:50 PDT 2009,NO_QUERY,rosswinn,Hanging out at Denny's with John... My half of spring break ends tomorrow. ,,,,,,,,
0,1678325634,Sat May 02 06:20:08 PDT 2009,NO_QUERY,ZydrateFairy,Omg what is with the crazy people dying dreams  makes me cry!,,,,,,,,
0,2061418793,Sat Jun 06 20:49:45 PDT 2009,NO_QUERY,aliciabh,@MiKeLuCeRo805 http://twitpic.com/6t0lq - Gab likes to cheat! LOL JK! Wish I was there ,,,,,,,,
0,2239116310,Fri Jun 19 08:09:00 PDT 2009,NO_QUERY,MCBlizzard,i woke up thinking that today was saturday  ,,,,,,,,
4,1556795248,Sun Apr 19 00:22:55 PDT 2009,NO_QUERY,ZeldaSeymour,"@marshallsheldon thankies  hm the link on my profile should actually work but here, it should be http://tinyurl.com/cf49ne",,,,,,,,
0,1995354632,Mon Jun 01 13:21:23 PDT 2009,NO_QUERY,aycaat,My childhood friend of 26 years - from primary school and the Conservatory of Istanbul was on that Air France plane  Ceren where are u now,,,,,,,,
0,2016222009,Wed Jun 03 06:23:46 PDT 2009,NO_QUERY,Meatballion,@katiebips it was the beginning of 'music and movies' in the pit-like park across from Edison. Too bad it's on sci-fi Tuesdays ,,,,,,,,
0,2229191278,Thu Jun 18 15:24:07 PDT 2009,NO_QUERY,cnledbetter,putting the rice cakes down...after 30 minutes of eating them.they prob are not good for you if you almost eat the whole bag. ,,,,,,,,
0,1966546788,Fri May 29 17:58:02 PDT 2009,NO_QUERY,dolittledoliet,home please home.. There's no place like home ,,,,,,,,
0,1974044639,Sat May 30 12:19:50 PDT 2009,NO_QUERY,mztania,@vegan1 dude that sucks so bad when that happens -  always seems to happen to me when it is take-away and its too late to fix ,,,,,,,,
0,2046025665,Fri Jun 05 11:35:07 PDT 2009,NO_QUERY,yayilovemicaela,"I'm freaking hell tired,but I don't feel like sleeping. I dont know why ",,,,,,,,
4,1994411935,Mon Jun 01 11:53:08 PDT 2009,NO_QUERY,bspencer10,"@eagleascent True, and, like Adam Lambert, perhaps her not getting first will give her more artistic freedom. ",,,,,,,,
0,2177160117,Mon Jun 15 05:34:25 PDT 2009,NO_QUERY,PrincessNDiva,Heading out to work! It's Monday again. ,,,,,,,,
0,2222909307,Thu Jun 18 07:36:07 PDT 2009,NO_QUERY,marjae,Just about to start reading my music law text for the week and...ah...Wait.... WHAT!  I've got to read 80 pages!!  Oh no! ,,,,,,,,
4,1997560486,Mon Jun 01 17:03:49 PDT 2009,NO_QUERY,wave_wynder,"@Shark34 What?! Crazy!! Damn, tried to get tickets to that but WAY too expensive! Hope you have fun at the game, go Patriots! ",,,,,,,,
0,2011735564,Tue Jun 02 19:29:23 PDT 2009,NO_QUERY,kaseymcdonald,now has one less tooth ,,,,,,,,
4,2054045894,Sat Jun 06 06:25:03 PDT 2009,NO_QUERY,riotradio,"@jtug danke for the lovely TU!  have a rocking sat nite, you guys!",,,,,,,,
0,2064311369,Sun Jun 07 05:54:19 PDT 2009,NO_QUERY,luhreesuh,"@TraceCyrus YES, come to Baguio  That would be more than amazzzzing.",,,,,,,,
0,2296911056,Tue Jun 23 09:46:38 PDT 2009,NO_QUERY,souemon,Why do I have that annoying Pink song stuck in my head ,,,,,,,,
4,1993924831,Mon Jun 01 11:08:29 PDT 2009,NO_QUERY,xkathyxrocksx,@Bexblog92 http://twitpic.com/6evzn - i like this one ,,,,,,,,
0,1972675117,Sat May 30 09:40:24 PDT 2009,NO_QUERY,derose1,TT was going great... Until my I lost my f d�railleur and rode 8mi in my 39....nice- lost 90sec ,,,,,,,,
4,2192293358,Tue Jun 16 06:48:57 PDT 2009,NO_QUERY,The_Sub_Mission,"@requiempup Didn't know you have a twitter!   And also, he is home sick today.  Here's hoping he's OK soon.",,,,,,,,
0,2059606542,Sat Jun 06 17:16:16 PDT 2009,NO_QUERY,AFL_Tragic,"Why Josh Drummond? I know it's not your fault, but a calf injury? Way to stuff up my SC team ",,,,,,,,
0,2046921088,Fri Jun 05 12:53:20 PDT 2009,NO_QUERY,seanlow,Such a busy week -- not nearly enough time for Twittering ,,,,,,,,
4,2064908365,Sun Jun 07 07:27:34 PDT 2009,NO_QUERY,crimescenevegas,@emunderpants I brought it here ,,,,,,,,
0,2047698112,Fri Jun 05 14:02:33 PDT 2009,NO_QUERY,hollyalyxfinch,have been relegated to the kitchen to watch 8 out of 10 cats ,,,,,,,,
0,1677214359,Sat May 02 00:58:43 PDT 2009,NO_QUERY,katty2805,@HaThien �i kh? th�n b?n t?  ?i kh�m ch?a. :|,,,,,,,,
0,2187427872,Mon Jun 15 20:16:00 PDT 2009,NO_QUERY,superemoo,Kassy does not love @superemoo as much as @butterchubbz ,,,,,,,,
4,1468161340,Tue Apr 07 00:03:02 PDT 2009,NO_QUERY,jeenifer,@tonebeep sooo crazy that its ur middle of the day and I'm bout to go to sleep!..haha hope all is well! Buy any new kicks?!..lol  hollleer,,,,,,,,
0,2263630219,Sun Jun 21 01:21:05 PDT 2009,NO_QUERY,theguiltshow,http://twitpic.com/7zpop - Baby ignoring me and using computer ,,,,,,,,
0,2174442016,Sun Jun 14 22:33:38 PDT 2009,NO_QUERY,shapeshifterr,still feeling like shit. didn't get done what i needed to.  sweet,,,,,,,,
0,1825549842,Sun May 17 06:05:19 PDT 2009,NO_QUERY,AngelaCestero,@VivianKGomez we went to Benny's... Me Leah and Tila. lol. you missed out! ,,,,,,,,
4,1680166953,Sat May 02 11:03:20 PDT 2009,NO_QUERY,PMath69,work sux!! ,,,,,,,,
0,2198748441,Tue Jun 16 16:30:54 PDT 2009,NO_QUERY,Bammx3,"Watchin' Family ; its helping me calm down, these damn sniffles ",,,,,,,,
4,1988959936,Sun May 31 23:53:59 PDT 2009,NO_QUERY,Mahvi_,@MGiraudOfficial haha play the piano for me ,,,,,,,,
0,2199309317,Tue Jun 16 17:19:01 PDT 2009,NO_QUERY,stfubr0ad,a tail-less cat jumped out at me when i took the garbage out. i thought it was a rabid racoon and nearly shat myself ,,,,,,,,
0,2248743588,Fri Jun 19 21:06:42 PDT 2009,NO_QUERY,dougcoleman,@djtv I must be an idiot too.  @strangelovelive nothingness ,,,,,,,,
4,1961466916,Fri May 29 09:32:49 PDT 2009,NO_QUERY,dalami,"Thx for the #ff #followfriday - @JefferySelf, @djaaries, @awestleap, @jeffreysan ",,,,,,,,
0,2013683012,Tue Jun 02 23:17:42 PDT 2009,NO_QUERY,JeremyMelloul,"Finally going to bed, too tired. I'll just study for the test tomorrow... during the period before it  So much for my 'A' &gt;.&gt;",,,,,,,,
4,1825303529,Sun May 17 05:11:24 PDT 2009,NO_QUERY,Muse4u2,@LynnDriver Welcome and thanks for following. Sending you thoughts of a beautiful sunny day as you get ready to start your new week ,,,,,,,,
4,1795704319,Thu May 14 08:13:45 PDT 2009,NO_QUERY,beauche,"@amaliebente  been tied up... unfortunately, not literally. ;-)",,,,,,,,
0,2047148609,Fri Jun 05 13:13:19 PDT 2009,NO_QUERY,bberryspiffy,@caoboy Yes! Help ,,,,,,,,
4,2193303817,Tue Jun 16 08:16:28 PDT 2009,NO_QUERY,utterBEN,"@Lucy_Luck Don't worry, it's all good  I can get hold of it easily for you for nothing. Is it for your MacBook?",,,,,,,,
4,2177349973,Mon Jun 15 05:57:00 PDT 2009,NO_QUERY,thefamousnomo,@Mummy_Fitz fadin... ahm gonnae huv tae stoap this ,,,,,,,,
4,1979261747,Sun May 31 02:17:38 PDT 2009,NO_QUERY,KirstiTappenden,Morning all  forgot to say morning when i got up hehe so decided to say morning now hehe,,,,,,,,
0,1823756972,Sat May 16 22:53:28 PDT 2009,NO_QUERY,adorablepuppy,"@tayfan2 I think the new ning chat system has made the chat a bit easy to miss. That said, my phone won't let me chat. ",,,,,,,,
4,2069901465,Sun Jun 07 16:44:15 PDT 2009,NO_QUERY,lovehaightpeace,Eatin' coco pebbles! ,,,,,,,,
0,2199807723,Tue Jun 16 18:01:52 PDT 2009,NO_QUERY,jencaseysmith,@DonnieWahlberg wassup w ur pic? I can't see anything? Making me sad!! ,,,,,,,,
0,2052643940,Sat Jun 06 01:28:09 PDT 2009,NO_QUERY,kaylz_J,Workin 9am to 9pm without a break that has to be illegal!!! Im gonna be like a zombie by the end of today ,,,,,,,,
4,1990011702,Mon Jun 01 03:35:01 PDT 2009,NO_QUERY,TinasPlace,"If nothing ever changed, there'd be no butterflies. ~Author Unknown~ I see changes coming ",,,,,,,,
0,2062500234,Sat Jun 06 23:24:48 PDT 2009,NO_QUERY,iheartrocknroll,@YoungQ you won't be in dc??  I haven't slept yet. Hotels aren't home. I'm flying out in four hours too! Safe flight! ,),,,,,,,
0,2060151489,Sat Jun 06 18:21:30 PDT 2009,NO_QUERY,Raeyanne,grr! i need headphones ,,,,,,,,
4,2064098028,Sun Jun 07 05:12:56 PDT 2009,NO_QUERY,shyamsundar,@svr161 nice nice  wat choc?? hersheys?? ,),,,,,,,
0,1679161751,Sat May 02 08:41:05 PDT 2009,NO_QUERY,inncuisine,Good grief---butter fiasco from other day is coming back to haunt me. Keyboard not working well and #9 key just fell off (bracket broke) ,,,,,,,,
4,2013655681,Tue Jun 02 23:13:21 PDT 2009,NO_QUERY,PinkBerryGirl,@Kyo0tdemon: Testing out Tweet Visor once again since @PinkBerryGirl likes it so much.  | hahahaha you're soo cute!,,,,,,,,
4,1573581344,Tue Apr 21 01:51:21 PDT 2009,NO_QUERY,mphi,@masaers where are you submitting? hate the stress too ,,,,,,,,
4,1976516018,Sat May 30 18:19:52 PDT 2009,NO_QUERY,profitbaron,Twitter is back up ,,,,,,,,
0,2237328205,Fri Jun 19 05:36:33 PDT 2009,NO_QUERY,Katikat,"@Patty0501 Yuck, how gross ",,,,,,,,
4,2072186757,Sun Jun 07 20:33:18 PDT 2009,NO_QUERY,HDentE85,"i'm sad that urijah lost his match, but thankful he only has two broken hands.. ",,,,,,,,
4,1794427777,Thu May 14 05:47:27 PDT 2009,NO_QUERY,AmberGertner,@sassystephie  At least it's almost over..  ,,,,,,,,
0,2013616355,Tue Jun 02 23:07:10 PDT 2009,NO_QUERY,ShirleyValverde,"Awwwh man! Baked two cakes, fire alarm went off, I walk out, tons of smoke. I open oven... my cakes are dead and gone, dead and gone  haha",,,,,,,,
0,2054630445,Sat Jun 06 07:46:01 PDT 2009,NO_QUERY,wildchic5,tired  but so ready for tonight,,,,,,,,
0,1563858230,Mon Apr 20 00:35:26 PDT 2009,NO_QUERY,killlary,I wish i didnt haue to deny bud. it makez my heart weep ,,,,,,,,
0,1760343433,Sun May 10 21:16:50 PDT 2009,NO_QUERY,hannnster,thank you jamie for showing me such a tear jerking music video!  ha!,,,,,,,,
4,2190199573,Tue Jun 16 02:03:02 PDT 2009,NO_QUERY,bokeneko,@az_boy Yes. I am now listening her  I bought the CD last week in St Pertersburg. ^.^,,,,,,,,
4,2070111388,Sun Jun 07 17:06:48 PDT 2009,NO_QUERY,TaraRose,"Planning to apply for a 90 day visa and just stay in Japan for that long, therefore making it less costly.  woo!",,,,,,,,
4,2055322537,Sat Jun 06 09:06:20 PDT 2009,NO_QUERY,LSchmoltz,@mileycyrus we love you milez ,,,,,,,,
4,2174444126,Sun Jun 14 22:33:54 PDT 2009,NO_QUERY,chelseyann226,"MIGHT be going to cali with Kristin, lindsey, rachel, patty and julie in july!!!! ",,,,,,,,
0,2328354146,Thu Jun 25 09:28:46 PDT 2009,NO_QUERY,kati2208,why can't I be happy..? ,,,,,,,,
4,1686426662,Sun May 03 05:23:03 PDT 2009,NO_QUERY,hyperjetrod,"@Classicgarage had a Z1 900,twin webers,yosi kit, it flew ",,,,,,,,
4,1974626717,Sat May 30 13:31:07 PDT 2009,NO_QUERY,MEESHellle,"Got new eyeline, mascara, and sobes! Now I'm in a good mood  I love sobes.",,,,,,,,
4,2065149204,Sun Jun 07 08:00:07 PDT 2009,NO_QUERY,carr2d2,wow. you guys are the best. thanks for all the support ,,,,,,,,